gin_id,tvwsi,tvwsi_resid,vh,ndvi,n_obs,rank_published,rank_controlled,rank_shift,area_ha,ecological_value,risk_of_development,corridor_type,target_width_m,priority,recommendation
106,-0.0077078126227881,-0.005325563181540751,0.04548420757668415,0.7284482919009734,4,1,1,0,10.53924648103954,Moderate,Moderate,Regional,50,,"Railway Right of way. Narrow and highly disturbed habitat. Runs through developed residential neighbourhood. Work with adjacent landowners to naturalize adjacent private land and remove barriers to movement. Traffic calming and signage for crossings at Old Yale Rd, 104 Ave, Scott Rd."
2,-0.0041222108967114,-0.004556761697878098,0.03939421531476195,0.7265373617376158,4,3,2,1,2.8825167405812566,Moderate,Moderate,Regional,50,,Moderately disturbed natural area adjacent to railway between established residential development. Connects ocean foreshore to Blackie Spit. North portion protected as park. Protect and enhance remaining natural areas. Restrict human access. Traffic calming and signage for crossing at Beecher Street.
64,-0.002765684205585,-0.004296192175527956,0.03715326137201595,0.6584697963343238,4,4,3,1,4.5796397108426605,Moderate,Low,Regional,60,,Riparian corridor along roadside ditch. Provides connectivity between Serpentine River and Mound Farm Park. Protect land adjacent to riparian setback. Naturalize this area by planting native tree and shrub cover. Traffic calming and signage at 168 St and 164 St.
14,-0.0055195485124575,-0.00398977550889257,0.04367927696572479,0.7480874623489013,8,2,4,-2,1.6197268098576294,Low,Low,Local,20,,"Semiahmoo Trail Greenway. Provides connectivity between Sunnyside Acres and Nicomekl foreshore. Naturalize trail edges. Work with adjacent landowners to naturalize private land and remove barriers to movement. Traffic calming and signage for crossing at 28 Ave, 32 Ave, and 34 Ave."
63,0.0044375237103059,-0.00071847225949146,0.029234151099122772,0.6001886738481832,4,10,5,5,5.477155574350091,Low,Moderate,Local,30,,Riparian area for ditch connecting to the Nicomekl River. Highly disturbed for agriculture. Protect land adjacent to riparian setback and restore tree and shrub cover. Traffic calming and signage at 40 Ave and 32 Ave.
6,0.0003717653810779,0.001053419948670667,0.04168220149091445,0.7925236880680685,4,6,6,0,0.8427058368518752,Moderate,Low,Regional,30,,Narrow protected corridor connecting Huntington Park to Crescent Park. Work with adjacent landowners to naturalize private land and remove barriers to movement. Traffic calming and signage for crossing at 24 Ave.
67,0.0080311116943641,0.0026281429448781913,0.028784757966343524,0.5975142799416325,4,25,7,18,0.2936376610800554,Low,Moderate,Local,30,,Riparian area for Class A ditch connecting to the Serpentine river. Highly disturbed for agriculture. Protect land next to riparian setback and restore tree and shrub cover. Traffic calming and signage at Colebrook Rd. Provides connectivity from the Serpentine River north toward Colebrook Park.
82,0.0095490824532681,0.003078907948985218,0.0263569267985919,0.7635241730056574,4,31,8,23,1.8213621112947531,Moderate,Moderate,Local,30,,Riparian area of Dyked tributary of the Serpentine River. Highly disturbed for agriculture. Protect land adjacent to riparian setback. Naturalize this area by planting native tree and shrub cover. Traffic calming and signage along 168 St.
36,0.0018750584112105,0.0038866760122406906,0.04456054829430765,0.838771293847877,4,7,9,-2,4.560969755381115,High,Moderate,Local,50,★ priority,Riparian corridor for McNally Creek. Partially protected as network of parks. Work with adjacent landowners to naturalize adjacent private land and remove barriers to movement. Protect land adjacent to riparian setback. Traffic calming and signage for crossings at 10 Ave and 8 Ave.
17,0.009067166016324,0.004090872985610765,0.0296795343827491,0.749755315090282,4,29,10,19,0.3660234950919351,High,Moderate,Regional,30,★ priority,Golf course and subdivision bordering the Nicomekl River. Provides critical east to west movement along the Nicomekl River foreshore. Establish hedge row and enhance tree cover along foreshore. Encourage naturescaping on golf course. Improve wildlife passage under King George Bvd Bridge and Hwy 99 Bridge.
89,0.0002582418475091,0.004463782744012672,0.04936109370772215,0.8098204816489798,4,5,11,-6,13.804512846489914,Low,Moderate,Local,60,,Riparian area for Mahood Creek. Partly protected as park. Work with adjacent landowners to naturalize this area and remove barriers to movement. Traffic calming and signage at 128 St and 132 St.
111,0.0035357849193448,0.005630011506231137,0.04474970830719785,0.86259979631255,4,8,12,-4,4.090170158868629,Moderate,Moderate,Regional,60,,Riparian area for Delta Cr. Mostly protected as park and riparian setbacks. Work with adjacent landowners to naturalize adjacent private land and remove barriers to movement. Traffic calming and signage at River Road.
52,0.0035715353298414,0.006279435237922939,0.0461216584177805,0.868299587861147,4,9,13,-4,7.7222763998565,High,Moderate,Regional,60,★ priority,Riparian corridor for tributary of Little Campbell River. Partially protected as park. Provides movement east to west south of the Campbell Heights industrial area. East portion proposed to be protected as Hub I. Traffic calming and signage at 192 St.
105,0.0048790441989962,0.006713069352534782,0.044459749511013974,0.8100363192627505,4,12,14,-2,2.433447899058091,Moderate,Moderate,Local,60,,Riparian area for Ronson Cr. Mostly protected as park and riparian setbacks. Work with adjacent landowners to naturalize this area and remove barriers to movement.
16,0.0064991973256318,0.006987058388039504,0.04152497028490455,0.8541159554210579,4,16,15,1,0.3075842684960099,High,High,Regional,50,★ priority,Undisturbed forested riparian habitat. Provides critical east to west movement along the Nicomekl River foreshore. Protect land within 50m of foreshore. Improve wildlife passage under Elgin Rd. Bridge and King George Bvd Bridge.
130,0.0108216039829044,0.007036308864764035,0.03212841344789912,0.7615354694194525,4,38,16,22,7.361579666187003,Moderate,Moderate,Local,60,,Riparian area of lower dyked portion of Latimer Cr. Highly disturbed for agriculture. Protect land adjacent to riparian setback. Naturalize this area by planting native tree and shrub cover. Improve wildlife passage at Harvie Rd.
18,0.0049471352698149,0.007200076951327213,0.0451294092590208,0.848579691617855,4,13,17,-4,2.6632838067339324,Moderate,Moderate,Regional,50,,Riparian corridor partially protected in parks. Connects Sunnyside Acres to Nicomekl foreshore. Work with adjacent landowners to naturalize adjacent private land and remove barriers to movement. Protect land adjacent to riparian setback. Traffic calming and signage for crossing at King George Bvd. Consider wildlife passage under King George Bvd.
94,0.0055262271144299,0.00826513870597722,0.0463252805512038,0.7501519654974095,4,14,18,-4,5.573378653205439,Moderate,Moderate,Regional,60,,Riparian area for King Creek. Mostly protected as park. Provides connectivity between Bear Creek and Green Timbers Parks. Work with adjacent landowners to naturalize adjacent private land and remove barriers to movement. Traffic calming and signage for crossings at 140 St and 88 Ave.
38,0.007905974579509,0.008423930878184457,0.0412584113833603,0.7718449236368726,4,24,19,5,4.942238474719116,Low,Low,Local,30,,Riparian corridor for Sam Hill Creek. Highly disturbed riparian habitat through agricultural fields. Provides movement through the ALR. Work with adjacent landowners to naturalize adjacent private land and remove barriers to movement. Protect land adjacent to riparian setback. Traffic calming and signage at 176 St.
20,0.0048452610718077,0.008708479852891918,0.04864759416919425,0.8732715937306643,4,11,20,-9,4.321476572929261,Low,Low,Local,60,,Riparian area for Barbara Creek. Provides local connectivity upland from foreshore. Mostly protected as park. Protect land adjacent to riparian setback in north portion of corridor.
66,0.0099559388708234,0.00880703000991945,0.037916048323301324,0.8281416224294528,4,33,21,12,3.967283604431662,High,Moderate,Regional,60,★ priority,Riparian area of Nicomekl River. Provides last remaining and critical movement corridor between the ALR to the east and natural areas in Sunnyside MU. Protect and enhance remaining natural areas. Improve wildlife passage under Hwy 99 bridge. Traffic calming and signage for crossings at 152 St and 40 Ave.
37,0.011018645484686,0.008883281378427265,0.0358134681006092,0.7974766155423052,4,40,22,18,11.049229505982002,High,Moderate,Regional,100,★ priority,Riparian corridor for Fergus Creek. Includes large natural forested area. Provides habitat for species at risk. Provides connectivity from proposed Hub F to the Little Campbell River system. Protect land adjacent to riparian setback. Work with golf course to enhance natural habitat. Traffic calming and signage for crossings at 8 Ave.
131,0.0071551205768348,0.009117489166701721,0.04447808381832845,0.835306590141361,4,19,23,-4,8.332011172098666,Moderate,Moderate,Local,60,,Riparian area of creek. Protect and enhance land adjacent to riparian setback. Traffic calming and signage at 188 Ave.
126,0.0119345277892005,0.009303663074146668,0.034551595265051124,0.7506444114765322,4,46,24,22,12.711705942117412,Moderate,Moderate,Local,60,,Riparian area of upper Serpentine River. All dyked and highly disturbed for agriculture. Protect land adjacent to riparian setback. Naturalize this area by planting native tree and shrub cover. Improve wildlife passage at Highway 15. Traffic calming and signage at 82 Ave.
129,0.0069080682848654,0.009402975724351283,0.04552599490696833,0.7750500343172175,4,18,25,-7,3.4857313294107795,Moderate,Moderate,Local,30,,Fragmented natural and riparian habitat through an area that is planned for development. Follows planned greenways and sediment ponds. Provides limited connectivity through developed neighbourhood. Traffic calming and signage at 92nd Ave and 187 St.
132,0.0076074333225727,0.009570449636087516,0.0444172502875276,0.8451147315363521,4,22,26,-4,7.369372214855177,High,Moderate,Regional,60,★ priority,Riparian area of Latimer Cr. Mostly forested. Protect and enhance land adjacent to riparian setback. Traffic calming and signage at 192 St and 188 St.
91,0.006681298922332,0.009704722321152753,0.046781529824459975,0.7663145229699536,4,17,27,-10,6.667531114376673,Low,Moderate,Local,60,,Riparian area for creek. Mostly protected as park. Work with adjacent landowners to naturalize this area and remove barriers to movement. Traffic calming and signage at 88 Ave and 132 St.
69,0.0174859619847175,0.009793631859095618,0.023835073585775676,0.6316246695933561,4,78,28,50,2.70668103017897,Moderate,Low,Local,30,,Riparian area for Peacock brook. Highly disturbed for agriculture. Provides connectivity between Serpentine River and Colebrook Park. Protect land adjacent to riparian setback. Restore tree cover along riparian area and provide a movement corridor under Highway 99.
93,0.007167750195858,0.009918316534804624,0.046338339360375375,0.780964087779583,4,20,29,-9,6.078809081216239,Moderate,Low,Local,60,,Riparian area for Quibble Creek. Provides connectivity to Bear Creek Park. Mostly protected as park. Work with adjacent landowners to naturalize this area and remove barriers to movement. Traffic calming and signage for crossings at 92 Ave and 88 Ave.
96,0.0081674955649835,0.01001614944679359,0.04417536066384895,0.7741774636253344,4,26,30,-4,9.31274764142964,Moderate,Moderate,Local,60,,Hydro right of way. This area is mostly field habitat in the yards of residential neighbourhoods. It provides a continuous corridor throughout an established neighbourhood. Work with adjacent landowners to naturalize this area and remove barriers to movement. Create wetlands in lowland areas. Traffic calming and signage for road crossings. Traffic calming and signage at 96 Ave and Fraser Highway.
60,0.0094802540727656,0.010084225030529359,0.04154929972428015,0.8245397143024448,4,30,31,-1,4.580675655450775,Moderate,Moderate,Regional,60,,Riparian corridor for Armstrong Creek. Forested patches fragmented by agricultural fields and residential development. Connects proposed Hub G to the Nikomekl River. Work with adjacent landowners to naturalize adjacent private land and remove barriers to movement. Protect land adjacent to riparian setback.
128,0.0122085518223913,0.010123907836330144,0.03582048716638895,0.6850907429567767,4,47,32,15,11.066961013836108,Moderate,Moderate,Regional,50,,Edge buffer to ALR and partial riparian corridor. Includes fragmented natural areas. Provides important edge habitat to ALR field habitat. Provides connectivity between proposed Hub A and Latimer Creek. Established and protect a forested corridor on perimeter of the ALR. Enhance disturbed riparian habitat. Traffic calming and signage along 88 Ave and at 184 St.
87,0.0059408024208703,0.010352550306961417,0.049873641891954104,0.8357916548611339,4,15,33,-18,6.579537637350383,Moderate,Low,Local,60,,Riparian area for creek. Mostly protected as park. Work with adjacent landowners to naturalize this area and remove barriers to movement.
95,0.0072048613004918,0.010417929705753056,0.0472859157402696,0.7298276921296727,4,21,34,-13,13.230505364281184,Moderate,Moderate,Local,60,,"Riparian area for Enver Creek. Mostly protected as park. Connects Bear Creek and Green Timbers Parks. Work with adjacent landowners to naturalize this area and remove barriers to movement. Traffic calming and signage for crossings at 84 Ave, 144 St, 88 Ave."
76,0.0077549484016546,0.01042801622611858,0.04593233028504368,0.7875795468189766,4,23,35,-12,16.956898484613035,Moderate,Moderate,Local,60,,"Riparian area for Hyland Creek. Partly protected as park. Provides connectivity to the Serpentine River. Work with adjacent landowners to naturalize adjacent private land and remove barriers to movement. Traffic calming and signage for crossings at 144 St, 148 St, 152 St."
113,0.0086654517847743,0.010911670405306925,0.04508201150032822,0.7979571798465768,4,28,36,-8,3.8575297221025338,High,Low,Local,60,★ priority,Riparian area for creek connecting south to Tynehead Park. Protected as park. Provides one of the few passages under Highway 1. Supports habitat for species at risk. Work with adjacent landowners to naturalize adjacent private land and remove barriers to movement. Traffic calming and signage along 104 Ave.
83,0.0135435271534759,0.011462780459873183,0.03589515001083835,0.7945667705766061,4,58,37,21,11.41421514426795,Moderate,Moderate,Regional,60,,Riparian area for Bear Creek. This area runs through a golf course with fragmented forest and shrub communities. Work with golf course to enhance natural habitat Improve wildlife passage at 152 St.
13,0.0114924953630698,0.011974982968557497,0.041312108304425325,0.8439811122473864,4,42,38,4,5.15799294444797,Moderate,Moderate,Regional,50,,Network of protected areas and riparian corridors. Connects Sunnyside Acres to Nicomekl foreshore. Work with adjacent landowners to naturalize adjacent private land and remove barriers to movement. Protect land adjacent to riparian setback. Traffic calming and signage for crossings at 28 Ave. and 32 Ave. and King George Bvd. Consider wildlife passage under King George Bvd.
109,0.0105109498458618,0.0120065116150612,0.043395142109431774,0.8528436515241842,4,37,39,-2,3.1577013118659876,Moderate,Moderate,Local,60,,Riparian area for Scott Cr. Mostly protected as park and riparian setbacks. Work with adjacent landowners to naturalize this area and remove barriers to movement.
41,0.0131046784837782,0.012061108960447148,0.0380150909198384,0.8069616324963366,4,53,40,13,29.092227695294177,High,Moderate,Regional,100,,Riparian habitat for the primary reach of the Little Campbell River. Fragmented natural areas. Provides scattered high value wetland communities. Provides movement through the ALR. Protect land adjacent to riparian setback. Naturalize all areas within natural floodplain. Work with adjacent landowners to naturalize adjacent private land and remove barriers to movement. Work with golf course to enhance natural habitat. Traffic calming and signage at 176 St.
1,0.0098890135284889,0.012175195071749944,0.0452711483892259,0.8118942886328856,4,32,41,-9,18.35438555300162,High,Low,Regional,100,★ priority,Steep unstable slope. Includes important marine foreshore riparian habitat. Forested with a mix of species and age classes. Includes some mature trees of significant size. Railway runs along the based on the slope. Connected to Kwomais Point Park. Low risk to development as slopes are undevelopable due to geotechnical instability. Expand natural area above top of bank through naturescaping to allow for wildlife movement above the steep slopes.
143,0.0160707891744217,0.012471977842340425,0.032566622827345654,0.7142178572310927,4,71,42,29,15.372157273406852,Low,Low,Local,50,,"Hydro right of way. This right of way includes a range of habitat features. It provides the only continuous corridor throughout this highly developed landscape. Establish hedgerows and shrub pockets. Create wetlands in lowland areas. Traffic calming and signage at 64 Ave, 60 Ave, 184 St and 188 St. Provide a movement corridor under Highway 10."
103,0.010989569806606,0.012534660981967555,0.04366399962195365,0.760186349402678,4,39,43,-4,10.62986145150974,Moderate,Moderate,Regional,50,,Fragmented natural areas and parks along slope break. Partially protected as park. Work with adjacent landowners to naturalize adjacent private land and remove barriers to movement. Traffic calming and signage for crossings at King George Blvd.
68,0.0104638508113601,0.012911787358212481,0.04591703669063955,0.7991577341161689,4,36,44,-8,4.305905537721638,Moderate,Moderate,Local,50,,Fragmented natural areas. Portions follow riparian setbacks of constructed ditches. Next to golf course. Provides connectivity between Colebrook Park and the Serpentine River. Improve wildlife passage at King George Blvd and Colebrook Rd.
11,0.0084977045817521,0.012926204730798136,0.0497876174220636,0.8251489683809315,4,27,45,-18,0.8229449219961156,Low,Low,Local,30,,Narrow protected corridor. Work with adjacent landowners to naturalize private land and remove barriers to movement. Traffic calming and signage for crossing at 144 St.
53,0.015244385861605,0.012935493797584489,0.03532376622127075,0.7314154269568773,4,64,46,18,7.889347745318366,High,Moderate,Regional,50,,Edge buffer for ALR. Includes fragmented natural areas. Follows 184 St. Provides connectivity from Redwood Park north to proposed Hub H and G. Provides important edge habitat to ALR field habitat. Established and protect a forested corridor on perimeter of the ALR. Traffic calming and signage along 184 St.
50,0.0124100590014178,0.012985733407900036,0.041502869145008725,0.8036266874624939,4,48,47,1,20.39509176993938,High,Moderate,Regional,100,,Riparian habitat for the Little Campbell River. Fragmented natural areas. Includes one small protected park. Provides movement through the ALR. Protect land adjacent to riparian setback. Naturalize all areas within natural floodplain. Work with adjacent landowners to naturalize adjacent private land and remove barriers to movement. Traffic calming and signage at 184 St.
25,0.0130265082498598,0.013385286090898365,0.04105241651427425,0.6733448473608369,4,52,48,4,1.5591879531796236,Low,High,Local,20,,"Fragmented natural forested habitat through area that is planned for development. Follows planned greenways and parks. Provides limited connectivity through developed neighbourhood. Naturalize edges of planned greenways. Traffic calming and signage at 16 Ave, 20 Ave."
75,0.0102638020847598,0.013394191894143023,0.04699203578595167,0.8185405591988458,4,34,49,-15,8.47173695328056,Moderate,Moderate,Local,60,,"Riparian area for Archibald Creek. Partly protected as park. Work with adjacent landowners to naturalize adjacent private land and remove barriers to movement. Traffic calming and signage for crossings at 144 St, 148 St, 152 St."
28,0.0103037508195042,0.013456749861964927,0.0470267498086018,0.8382012429051303,4,35,50,-15,2.9495727830400056,Moderate,High,Local,30,★ priority,Fragmented natural areas through area that is planned for development. Includes two large unprotected forest patches. Follows planned greenways. Provides limited connectivity through developed neighbourhood. Naturalize edges of planned greenway. Traffic calming and signage at road crossings.
43,0.0179656968337472,0.013580902883634756,0.030727574691366576,0.6939743013036463,4,80,51,29,2.5014368175682447,High,Moderate,Regional,50,,Riparian habitat for creek running adjacent to 188 St. Runs through a large forested patch that is proposed for protection as Hub E. Provides movement through the ALR south to natural areas of Washington State. Protect land adjacent to riparian setback. Work with adjacent landowners to naturalize adjacent private land and remove barriers to movement. Traffic calming and signage along 188 St.
90,0.0147177159723022,0.013685609763009966,0.03823237515990845,0.6602859099456626,4,61,52,9,1.868208657173981,Low,Low,Local,30,,Hydro Right of way through highly developed industrial area. Includes some riparian area. It provides a continuous corridor throughout a highly developed area. Work with landowners to naturalize this area and remove barriers to movement. Create wetlands in lowland areas. Install hedgerows along trails. Traffic calming and signage at 88 Ave.
142,0.0111195826838757,0.013803044162626475,0.046000210187239,0.8326979059684371,4,41,53,-12,13.069853837476211,High,Low,Local,80,★ priority,Riparian area for creek with well established setbacks. High density development up to riparian setbacks. Restrict access and enhance habitat. Provide a movement corridor under Fraser Highway.
40,0.0159615792620959,0.013807215025367308,0.0356167911299541,0.7512571270584285,4,70,54,16,40.91367019962606,Moderate,High,Regional,100,,"Riparian habitat for the primary reach of the Little Campbell River. Fragmented natural areas. Provides scattered high value wetland communities. Provides movement through the ALR. Protect land adjacent to riparian setback. Naturalize all areas within natural floodplain. Work with adjacent landowners to naturalize adjacent private land and remove barriers to movement. Work with golf course to enhance natural habitat. Traffic calming and signage at 8 Ave, 16 Ave, 20 Ave and 184 St."
15,0.0235394685349906,0.01387301149379327,0.01976418916950765,0.6205878691849713,4,102,55,47,0.926187921363775,High,Moderate,Regional,30,,Golf course and subdivision bordering the Nicomekl River. Provides critical east to west movement along the Nicomekl river foreshore. Establish hedge row and enhance tree cover along foreshore. Encourage naturescaping on golf course. Improve wildlife passage corridor under Elgin Rd. Bridge.
24,0.0148741024265933,0.013996158856869743,0.03857443345376825,0.6792728176931236,4,62,56,6,3.4377406110705166,Moderate,Moderate,Local,40,,Greenway running adjacent to Hwy 99 though undeveloped natural area. Provides connectivity to proposed Hub F. Install highway fencing. Improve wildlife passage under 16 Ave.
104,0.0115850505748206,0.0141331768983489,0.04569252382551075,0.835596171933122,4,43,57,-14,6.690221698754351,Moderate,Moderate,Regional,50,,Fragmented natural areas and parks along slope break. Work with adjacent landowners to naturalize adjacent private land and remove barriers to movement. Traffic calming and signage for crossings at King George Blvd and Old Yale Rd.
21,0.0132214324360295,0.014172182858523284,0.04237925808663635,0.8534909185871931,4,56,58,-2,7.032373456167963,Moderate,Moderate,Local,60,,Riparian corridor in natural area proposed for development. Includes creeks and lake foreshore. Provides connectivity from Highway 99 greenway east to the ALR. Protect land adjacent to riparian setback. Naturalize riparian habitat adjacent to lake. Establish shrub habitat under Hydro ROW. Traffic calming and signage for crossings at 32 Ave
39,0.0163804517746593,0.014576704788509597,0.03636903191199298,0.7261714357950818,4,72,59,13,2.315335836120626,Low,Low,Local,30,,Riparian corridor for Thomson Creek. Highly disturbed riparian habitat through agricultural fields. Provides movement through the ALR and connectivity north to Redwood Park. Work with adjacent landowners to naturalize adjacent private land and remove barriers to movement. Protect land adjacent to riparian setback.
102,0.0137276663866867,0.01458866347256248,0.04222298254032115,0.6516060400575967,4,59,60,-1,6.564925137811074,High,Moderate,Regional,100,,Fragmented natural areas through residential neighbourhood. South Fraser Perimeter Road being complete to the north. Provides important connectivity between Invergarry Park and Port Mann Park. Facilitate wildlife passage under bridge. Work with adjacent landowners to naturalize adjacent private land and remove barriers to movement.
62,0.0186533255229949,0.014727410845467019,0.0318056268074824,0.6451418275920301,4,82,61,21,2.5866672177775056,Moderate,Low,Regional,60,,Riparian corridor along a dyked stream. Provides connectivity between the Nicomekl River and Mound Farm Park. Protect land adjacent to riparian setback. Naturalize this area by planting native tree and shrub cover. Traffic calming and signage at 48 Ave.
92,0.020703766907392,0.014856343801896627,0.027798727880047024,0.6729966552516944,4,88,62,26,11.371433696920208,Moderate,Moderate,Local,50,,"Hydro right of way. Partially protected as park. It provides a continuous corridor throughout an established neighbourhood. Work with adjacent landowners to naturalize this area and remove barriers to movement. Create wetlands in lowland areas. Traffic calming and signage at 140 St, King George Bvd, 92 Ave, 132 St, 128 St and 88 Ave."
58,0.0117807587621019,0.014924709786077503,0.04703100210184548,0.8807097639197393,4,45,63,-18,30.58116278031619,High,Moderate,Regional,100,★ priority,"Large forested natural area. Follows edge of ALR and runs through proposed Hub G. This forested area provides an important north south wildlife movement corridor. Protect as much of this forested corridor as possible. Traffic calming and signage at 40 Ave, 32 Ave and 24 Ave."
42,0.015904329493499,0.014960502590610169,0.03830463352213673,0.8252552244374545,4,69,64,5,11.396432900107056,Moderate,Moderate,Regional,60,,Riparian habitat for creeks including Kuhn and Theodore Creeks. Highly disturbed by agriculture development and a golf course. Include one large forested patch. Provides movement through the ALR to proposed Hub E and south to natural areas of Washington State. Protect land adjacent to riparian setback. Work with adjacent landowners to naturalize adjacent private land and remove barriers to movement. Work with golf course to enhance natural habitat. Traffic calming and signage at 184 St.
138,0.0141800016863722,0.014969340788615577,0.042132060083433724,0.8403519429684579,4,60,65,-5,6.0786859261758375,Moderate,High,Local,50,,Riparian corridor for creek. Runs through a large intact forested habitat areas that is proposed as Hub C. Non forested areas are impacted by residential development. Protect and enhance land adjacent to riparian setback. Traffic calming and signage at 76 Ave and 80 Ave.
22,0.0156529975294478,0.014974304155574419,0.038852634549700574,0.8430266725104409,4,67,66,1,7.31169829869225,Moderate,Moderate,Local,60,,Riparian corridor through golf course and residential area. Enhance riparian habitat. Naturescaping on golf course. Traffic calming and signage for crossings at 32 Ave
73,0.0153064129146852,0.015053263417345013,0.039924525355416275,0.6789439230160418,4,65,67,-2,6.061270776722337,High,Moderate,Local,60,,Riparian area for Cougar Creek. Provides connectivity to Delta watershed park. Partly protected as park. Protect land adjacent to riparian setback. Work with adjacent landowners to naturalize adjacent private land and remove barriers to movement.. Traffic calming and signage for crossings at 120 St.
100,0.0131522879865426,0.015097347690337728,0.04458301996624155,0.773574763470531,4,54,68,-14,4.506895874252217,Moderate,Moderate,Regional,100,,Riparian area for Bon Accord creek. Partially protected as park. Connects Hawthorne Park and Invergarry Park. Protect land adjacent to riparian setback. Traffic calming and signage at 108 Ave. Work with adjacent landowners to naturalize adjacent private land and remove barriers to movement.
77,0.0192076308850547,0.015271920753413295,0.031711473575741396,0.6904496854361583,4,84,69,15,5.719894414418394,Moderate,Moderate,Local,60,,Riparian area of lowland dyked portion of Hyland Creek. Highly disturbed by agriculture. Protect land adjacent to riparian setback. Establish a native shrub community in riparian zone. Traffic calming and signage along 64 Ave.
79,0.0127935424073177,0.015653561680274267,0.046349314109863024,0.807311911457555,4,51,70,-19,0.6030792675235858,High,Moderate,Local,30,,Riparian area for ditch running across Hydro right of way. Provides connectivity between Fleetwood Park and Surrey Lake Park.
32,0.0150965311968995,0.015818836627301658,0.04185713769972285,0.814246541157991,4,63,71,-8,8.328132407115532,,,,50,,Edge buffer for ALR. Includes fragmented natural areas. Provides connectivity between Redwood Park and proposed Hub F. Provides important edge habitat to ALR field habitat. Established and protect a forested corridor on perimeter of the ALR. Traffic calming and signage for crossings at 16 Ave and 176 St.
84,0.0125693051240383,0.016621674059904168,0.04894081233356708,0.8371249026211341,4,49,72,-23,28.039740691118222,High,Low,Regional,100,,Riparian area for Bear Creek. Mostly protected as park. Includes high value aquatic and riparian habitat. Work with adjacent landowners to naturalize this area and remove barriers to movement. Traffic calming and signage for crossings at 140 St and 144 St.
70,0.0254164684090474,0.01675553401890381,0.021949945202356626,0.6105953166484921,4,107,73,34,32.77848265707942,High,Moderate,Regional,100,,Ocean foreshore riparian area. A railway runs along this coastline with scattered shrub communities. This riparian habitat provides a critical interface to the intertidal wetlands and shallow waters of Mud Bay. Protect this land through acquisition or protective covenants. Increase tree and shrub cover. Work with adjacent landowners to remove barriers to movement.
12,0.0156806979242253,0.016925376620538356,0.0430557063555423,0.8714606137678301,4,68,74,-6,0.4831884306841461,Low,Low,Local,30,,Narrow protected corridor. Work with adjacent landowners to naturalize private land and remove barriers to movement. Traffic calming and signage for crossing at 144 St.
78,0.0218149732723657,0.01705702796042264,0.029854951224931522,0.7816946708843584,4,92,75,17,5.15756748882203,Moderate,Moderate,Regional,60,,Riparian area for lower Bear Cr. This reach is dyked and heavily impacted by agriculture. Provides connectivity from Surrey Lake Park to the Serpentine River. Protect land adjacent to riparian setback and restore tree and shrub cover.
127,0.0131797767826325,0.01709609844133376,0.04858435303259712,0.8751751388027891,4,55,76,-21,2.3727467094009107,High,High,Regional,50,,Large forested natural area. Runs through proposed Hub A. This forested area provides connectivity between Serpentine river and Tynehead Park. Establish and protect a forested corridor. Traffic calming and signage at 88 Ave.
101,0.0134892833372729,0.017128042028097184,0.0479795855233404,0.8348487163726566,4,57,77,-20,2.613797647659461,Moderate,Moderate,Local,50,,Mostly protected as a network of park areas. Provides connectivity between Invegarry Park and Port Mann Park. Work with adjacent landowners to naturalize adjacent private land and remove barriers to movement. Traffic calming and signage for crossing at Wallace Dr.
27,0.0116865476040207,0.017407921301489743,0.05256858762342475,0.8630662234700723,4,44,78,-34,0.9692130641759482,Moderate,High,Local,30,★ priority,Riparian corridor for creek through natural forested area. Provides connectivity to ALR. Protect land adjacent to riparian setback. Work with adjacent landowners to naturalize adjacent private land and remove barriers to movement. Traffic calming and signage for crossings along 32 Ave.
133,0.0166227513472137,0.017734313832780124,0.04249622505760835,0.8204727587718244,4,75,79,-4,5.1824001643605975,High,Moderate,Local,60,,Riparian area of south arm of Latimer Creek. Mostly forested except west section which is heavily impacted by agriculture. Protect land adjacent to riparian setback. Naturalize disturbed areas by planting native tree and shrub cover. Traffic calming and signage at 188 St.
86,0.0208509538977908,0.01791443838828296,0.03391996647458083,0.6747602198481162,4,89,80,9,21.451684096166556,High,Low,Regional,100,,"Hydro right of way. Provides a network of shrub and field habitat. Mostly protected as a network of parks. Work with adjacent landowners to naturalize this area and remove barriers to movement. Create wetlands in lowland areas. Traffic calming and signage for crossings at King George Bvd, 140 St, 144 St,"
8,0.016748847457738,0.019311283837470834,0.04572951891494255,0.8430151474575446,4,76,81,-5,10.563445413896332,Moderate,Moderate,Regional,50,,Riparian Corridor along Chantrell Creek. Connects Elgin Heritage Park to upland areas. Partially protected as parkland. Work with adjacent landowners to naturalize private land and remove barriers to movement. Protect land adjacent to riparian setback. Traffic calming and signage for crossing at 24 Ave. 28 Ave and Crescent Rd.
123,0.0191292464391687,0.019684063704290877,0.0414649004399154,0.7764549196215988,4,83,82,1,6.954534507697518,Moderate,High,Regional,50,,Fragmented forest habitat through low density residential neighbourhood. Area is planned for development. Follows planned greenways and parks. Provides connectivity between proposed Hub A and the ALR north to underpass of Highway 1 and the riparian corridor of Leoran Brk. Naturalize edges of planned greenways. Traffic calming and signage at 180 St. Provide a movement corridor under Golden Ears Way.
107,0.0156138451914728,0.01979242631703951,0.04921033672041015,0.5186525772767214,4,66,83,-17,8.222278233614482,Moderate,Low,Local,60,,Riparian area for Ronson Cr. Provides connectivity to Fraser River. Runs through highly developed industrial area. Increase tree cover in riparian area. Improve wildlife passage under South Fraser Perimeter Road.
140,0.0222435072781301,0.01981634713309376,0.035046271054785576,0.696455998092834,4,95,84,11,18.86296798375011,Moderate,Moderate,Local,50,,"Edge buffer for ALR. Includes fragmented natural areas. Provides important edge habitat to ALR field habitat. Established and protect a forested corridor on perimeter of the ALR. Traffic calming and signage at 80 Ave, 184 St and 188 St. Provide a movement corridor under Highway 10."
122,0.0164402354709032,0.019845767022504526,0.0476144364246016,0.6540567255566774,4,73,85,-12,10.436426144938467,Moderate,Moderate,Regional,60,,Riparian area for Leoran Brk. Fragmented patches of forest habitat. Includes one park. Provides one of few passages under Highway 1 and connectivity to Surrey Bend Park. Ensure passage under the South Fraser Perimeter road. Enhance ditch adjacent to this road. Protect land adjacent to riparian setback. Work with adjacent landowners to naturalize adjacent private land and remove barriers to movement. Traffic calming and signage at 179 St. Provide passage under the South Fraser Perimeter Road.
5,0.0179350877470867,0.01987501220499071,0.044553287883623574,0.8210938372160024,4,79,86,-7,1.10782916599423,Moderate,Low,Regional,50,,Riparian corridor mostly protected as park. Work with adjacent landowners to naturalize private land and remove barriers to movement. Traffic calming and signage for crossing at Crescent Rd.
29,0.0231836816083875,0.020208179748868904,0.03389739680861538,0.7148831045156828,4,99,87,12,4.151318690573918,,,,30,,Edge buffer for ALR. Includes fragmented natural areas. Provides important edge habitat to ALR field habitat. Established and protect a forested corridor on perimeter of the ALR. Traffic calming and signage along 32 Ave and at 176 St.
121,0.023310698911718476,0.020455874625401698,0.03416414737214154,0.7022637057227213,16,101,88,13,12.066795811443574,Moderate,Low,Local,50,,Hydro right of way. This area is mostly field habitat in the yards of residential neighbourhoods. It provides a continuous corridor throughout a landscape that is planed for infill development. Work with adjacent landowners to naturalize this area and remove barriers to movement. Create wetlands in lowland areas. Traffic calming and signage for road crossings. Improve wildlife passage at Highway
57,0.0164424023897891,0.020531325477236195,0.049097596285893524,0.894567642378748,4,74,89,-15,1.4220964988659643,Moderate,Moderate,Regional,50,,Riparian area for Erickson Creek and partially forested area providing critical east to west connectivity across the ALR. Protect this area as a park through acquisition.
71,0.0196612937614603,0.020533011101823977,0.04222232106548765,0.8079808681081606,4,86,90,-4,10.769621237888462,Moderate,High,Regional,50,,Edge buffer for ALR. Includes fragmented natural areas. Provides connectivity between Joe Brown and Colebrook Parks. Provides important edge habitat to ALR field habitat. Establish and protect a forested corridor on perimeter of the ALR.
26,0.0245982748335768,0.020629611133244734,0.0318545419164252,0.5825648573238305,4,106,91,15,2.767265214554252,Low,High,Local,20,,"Fragmented natural areas through area that is planned for development. Follows planned greenways. Provides limited connectivity through developed neighbourhood. Naturalize edges of planned greenway. Traffic calming and signage at 24 Ave, 28 Ave and 164 St."
9,0.0195417152855319,0.020716776817461605,0.0428396590852238,0.8370990856135887,4,85,92,-7,2.898148488670587,Moderate,Moderate,Local,30,,Natural forest patches that connect Elgin Heritage Park and Elgin Creek Park. Partially protected as network of parks. Protect and enhance remaining natural areas. Work with adjacent landowners to naturalize adjacent private land and remove barriers to movement. Traffic calming and signage for crossing at 144 St and Crescent Rd.
85,0.0169865354899477,0.020978536878978132,0.0488540532469146,0.8528617452434475,4,77,93,-16,6.683859080301919,Moderate,Low,Local,60,,Riparian area for creek. Mostly protected as park. Work with adjacent landowners to naturalize this area and remove barriers to movement.
4,0.0216654689330209,0.021152688121413483,0.03938627637875537,0.7740224074014314,4,91,94,-3,4.315800326370682,High,Moderate,Regional,50,,Foreshore riparian habitat at headwaters of the Nicomekl River. Mostly private land with fragmented patches protected as park. Connects Blackie Spit with Elgin Heritage Park. Work with adjacent landowners to naturalize private land and remove barriers to movement.
72,0.0255706863212777,0.021474199250755242,0.031602474999185975,0.6434152127523095,4,109,95,14,5.051742931498392,Moderate,Low,Local,50,,Hydro right of way. Highly developed with fragmented natural habitat. Numerous barriers to travel. It provides a continuous corridor throughout an established neighbourhood. Work with adjacent landowners to naturalize this area and remove barriers to movement. Create wetlands in lowland areas. Install hedgerows along trails. Traffic calming and signage at road crossings. Provide wildlife passage at Highway 10.
10,0.0199688699405189,0.0215393971639583,0.043649500428809176,0.8680011407973343,4,87,96,-9,11.726095861402532,Moderate,Moderate,Regional,50,,Riparian Corridor along Elgin Cr. Mostly protected in network of parks. Connects Sunnyside Acres to Nicomekl foreshore. Work with adjacent landowners to naturalize private land and remove barriers to movement. Protect land adjacent to riparian setback. Traffic calming and signage for crossings at 24 Ave. and 32 Ave and Crescent Rd.
80,0.0218301748914618,0.022323870154311806,0.041252503946286025,0.8272690828772333,4,93,97,-4,6.5698849589572434,Moderate,Moderate,Local,50,,Edge buffer for ALR. Includes fragmented natural areas. Provides important edge habitat to ALR field habitat. Connects to Fleetwood park. Established and protect a forested corridor on perimeter of the ALR. Traffic calming and signage along 160 St.
30,0.0182980739636865,0.022506060361808296,0.049313609413943624,0.8740126678488858,4,81,98,-17,4.842332567109391,High,Moderate,Regional,30,,Edge buffer for ALR. Includes large natural forested habitat proposed for protection as Hub H. Provides important edge habitat to ALR field habitat. Established and protect a forested corridor on perimeter of the ALR. Traffic calming and signage for crossings at 184 St.
119,0.0235692251287132,0.023007290423320472,0.0391587717223355,0.6976717964875159,4,103,99,4,7.056053443859033,Moderate,Moderate,Regional,50,,Edge buffer for ALR. Includes fragmented natural areas. Provides important edge habitat to ALR field habitat. Provides connectivity between proposed Hub A and Tynehead park. Established and protect a forested corridor on perimeter of the ALR. Traffic calming and signage along 92 Ave.
118,0.0225662688343564,0.023399791058719425,0.041984741167588796,0.8221531830811928,4,96,100,-4,3.7276307312542967,Moderate,Moderate,Regional,60,,Riparian area for creek. Highly impacted from residential development. Provides connectivity from the Serpentine to Tynehead Regional Park. Protect and enhance land adjacent to riparian setback. Traffic calming and signage along 96 Ave.
51,0.0286493075433645,0.024037489627180705,0.030425568292629726,0.7062035881134188,4,114,101,13,7.358826156791944,Moderate,Moderate,Local,60,,Riparian corridor for Twins Creek. Highly disturbed riparian area with fragmented natural areas. Work with adjacent landowners to naturalize adjacent private land and remove barriers to movement. Protect land adjacent to riparian setback. Traffic calming and signage at 184 St and 16 Ave.
114,0.0220783529335478,0.024049430574452028,0.04452522239760185,0.8491512581300603,4,94,102,-8,1.424772779852798,High,Moderate,Local,60,,Riparian area for creek. Mostly forested. Provides habitat for species at risk. Restore and enhance riparian habitat. Traffic calming and signage along 102 Ave.
7,0.0211045607202535,0.024521963736466,0.047581805587781925,0.8720467536897413,4,90,103,-13,8.206507413727435,High,Low,Regional,50,,"Linear network of protected natural areas. Connects Sunnyside Acres, Dogwood and Crescent Parks. Work with adjacent landowners to naturalize private land and remove barriers to movement. Traffic calming and signage for crossing at 140 St. Enhance the narrow corridor between 140 St and 139A St."
61,0.0319868476148799,0.024609148103206784,0.024449133695351524,0.6630116731586144,4,119,104,15,84.87087993106843,High,Moderate,Regional,60,,Riparian corridor for the Nicomekl River. This entire reach is dyked for flood control. This riparian area provides one of the only feasible corridors running through the ALR. Enhance riparian habitat within 30m of river by planting tree and shrub cover. Work with adjacent landowners to naturalize adjacent private land and remove barriers to movement. Improve wildlife passage at Highway 99 and Highway 15. Traffic calming and signage at all arterial roads.
81,0.0262236982819839,0.024676111873039124,0.03704757445967957,0.5938113179077875,4,110,105,5,0.5968176894863337,Moderate,High,Local,15,,Greenway to be established through redevelopment. Provides connectivity west from Fleetwood Park. Retain mature trees where possible and naturalize edges of planned greenway.
112,0.0238237128652715,0.025176321350963343,0.04329450645349035,0.8088931844843538,4,104,106,-2,52.43782141980537,High,Low,Regional,100,,Forested natural area following the escarpment above South Fraser Perimeter road. Relatively steep with gullies. Includes Port Mann park and old land fill site. Mostly protected or unstable for development. Provides wildlife refuge areas and connects Surrey Bend west to Invegrarry Park. Enhance old landfill site to expand on forested community. Consider strategic fencing to direct wildlife to underpass under the South Fraser Perimeter road connecting to Surrey Bend Park.
117,0.02659436946308215,0.025526248977634322,0.03792756118771995,0.8008655492555301,8,111,107,4,1.8315088443178875,High,Low,Regional,60,,Riparian corridor for Class A watercourse that provides southern connection to Tynehead Regional Park.
31,0.0233045083949162,0.025807580067417495,0.0456641424113285,0.8698131766038026,4,100,108,-8,6.624737327431787,High,High,Regional,50,,Natural forested areas in low density residential area. Planned for redevelopment. Establish forested corridor that will provide safe wildlife movement between Redwood Park and proposed Hub H. Traffic calming and signage for crossings at 24 Ave and 20 Ave.
141,0.0255071540394805,0.026019006676547867,0.04133897604463342,0.7577884625491724,8,108,109,-1,13.108027310940049,Low,High,Local,60,,"This corridor includes a mix of riparian, forested natural areas and low density residential development. Follows planned greenways. Provides limited connectivity through developed neighborhood. Naturalize edges of planned greenway. Traffic calming and signage at 72 Ave, 76 Ave. Provide a movement corridor under Fraser Highway."
139,0.0268691618009785,0.027041057447503347,0.040569296636549526,0.8190296151617434,4,112,110,2,4.763106300914547,Moderate,High,Local,60,,"Fragmented natural forested areas running through low density residential neighborhood. Greenway has been established through re-development. Provides connectivity between Hub C and the ALR. Enhances connectivity of corridors 90 and 88. This area supports habitat for Species at Risk. Traffic calming and signage for crossings at 184 and 188 Streets. Ensure a safe, naturalized interface with 78 Ave which is planned to be developed within or adjacent to this greenway."
19,0.03218015083018355,0.027200962657728374,0.029661186275346814,0.5931460896613066,8,121,111,10,1.8585581509677755,Low,Low,Local,30,,Hydro right of way adjacent to Hwy 99. Establish hedgerows and shrub pockets. Create wetlands in lowland areas. Traffic calming and signage at 32 Ave.
137,0.0230765622007902,0.027324955437411216,0.04932058906266605,0.8717428686274082,4,98,112,-14,2.963398072502165,Low,High,Local,30,,This corridor is highly impacted by residential development. Follows planned greenways. Provides limited connectivity through developed neighbourhood. Naturalize edges of planned greenway. Traffic calming and signage at road crossings. Traffic calming and signage at 192 St.
116,0.0245005864741286,0.027473462376517266,0.04664318402360132,0.8032889851236156,4,105,113,-8,3.053799960175613,High,Moderate,Regional,60,,Riparian area for upper reach of Serpentine River. Field habitat extends into riparian area. Protect land adjacent to riparian setback and restore tree cover.
34,0.0270102898731936,0.027473703216630344,0.04127858120095205,0.8236567938819841,4,113,114,-1,11.76991953098988,High,High,Regional,100,,Riparian corridor within proposed Hub F. Supports species at risk. Enhance/expand riparian habitat. Traffic calming and signage for crossings at 16 Ave and 168 St.
99,0.0317445126059414,0.0281740802510637,0.03269661550961723,0.5798065249940745,4,118,115,3,8.222756365821013,Moderate,Moderate,Local,50,,Hydro right of way. This area is mostly field habitat in the yards of residential neighbourhoods. It provides a continuous corridor throughout an established neighbourhood. Work with adjacent landowners to naturalize this area and remove barriers to movement. Create wetlands in lowland areas. Traffic calming and signage at 108 Ave.
74,0.032107594501341,0.029140684885592592,0.03401625881267152,0.5571566034627135,4,120,116,4,22.054331971074316,Moderate,Low,Local,50,,"Hydro right of way. Highly developed with fragmented natural habitat. Some greenways exist. Numerous barriers to travel. It provides a continuous corridor throughout an established neighbourhood. Work with adjacent landowners to naturalize this area and remove barriers to movement. Create wetlands in lowland areas. Install hedgerows along trails. Traffic calming and signage at 80 Ave, 76 Ave, 72 Ave, 68 Ave and 64 Ave. Provide wildlife passage at Highway 10."
115,0.035591346474588,0.029174814405865633,0.026599641508786825,0.5673460815943069,4,122,117,5,6.7203110983731,Low,Low,Local,30,,"This is a greenway that runs through highly developed neighbourhoods. Mostly mowed grass with few natural features. Provides the only available continuous connectivity east to west from Green Timbers Park to Tynehead Park. Establish hedgerows and shrub pockets along fencelines. Create wetlands in lowland areas. Traffic calming and signage at 152 St, 156 St, and 160 St."
108,0.0127883830839806,0.02936080468428125,0.07596976536832957,0.5351482546862552,4,50,118,-68,5.76487234601392,Moderate,Low,Local,60,,Riparian area for Scott Cr. Provides connectivity to Fraser River. Runs through highly developed industrial area. Increase tree cover in riparian area. Improve wildlife passage under South Fraser Perimeter Road.
88,0.036223771144181,0.03017945626768241,0.0276178020715431,0.6974348385598674,4,123,119,4,1.484398437655167,Moderate,Moderate,Local,50,,Hydro right of way. Partially protected as park. It provides a continuous corridor throughout an established neighbourhood. Work with adjacent landowners to naturalize this area and remove barriers to movement. Create wetlands in lowland areas. Traffic calming and signage at 132 St.
35,0.0298275117043574,0.03020747273242298,0.041227148180356,0.6971928357424227,4,115,120,-5,9.59144264280788,High,High,Regional,100,,Riparian corridor within proposed Hub F. Supports species at risk. Enhance/expand riparian habitat. Traffic calming and signage for crossings at 16 Ave.
54,0.0229027349800468,0.03052995347882111,0.05675633148132575,0.6814997125628821,4,97,121,-24,11.982313866666647,Moderate,Moderate,Regional,100,,Edge buffer for ALR. Runs through a large patch of young forest with scattered fields. Established and protect a forested corridor on perimeter of the ALR. Traffic calming and signage along 20 Ave and 24 Ave.
120,0.0313160834777258,0.032113119950849575,0.042125304196841476,0.8044481104082803,4,116,122,-6,3.4811910016353695,High,High,Local,50,,Large forested site fragmented by low density residential development. Area is planned for development. Follows planned greenways and parks. Provides connectivity between the ALR and Tynehead Park. Naturalize edges of planned greenways. Traffic calming and signage at 96 Ave.
98,0.0392745363611839,0.03281832135944475,0.0265533107260768,0.5838206036324461,4,125,123,2,5.364401082625064,Moderate,Moderate,Regional,50,,"Hydro right of way including mostly residential yards. Provides connectivity through highly developed neighbourhood between Green Timbers Park and Hawthorne Park. Establish hedgerows and shrub pockets. Create wetlands in lowland areas. Work with adjacent landowners to naturalize adjacent private land and remove barriers to movement. Traffic calming and signage for crossing at 104 Ave, 140 St and 100 Ave."
97,0.0367456179780164,0.035281700437414416,0.03766704597734725,0.4077174648580146,4,124,124,0,0.6134110226922918,Moderate,High,Regional,50,,This is a short but important connection between Green Timbers and the Hydro right of way corridor. Work to establish a naturalized connection in this vicinity. Traffic calming and signage for crossing 140 St and 100 Ave.
125,0.0316467506066886,0.03643984590103363,0.0505436232721262,0.9003251033673354,4,117,125,-8,2.4421059134256016,High,Moderate,Regional,50,,Edge buffer to ALR. Large forested natural area. Runs through proposed Hub A. Established and protect a forested corridor.
65,0.052196734108014,0.04448108793003806,0.023827537258430127,0.6101441181067053,4,128,126,2,157.79901139459255,High,Low,Regional,60,,"Riparian corridor for the Serpentine River. This entire reach is dyked for flood control. This riparian area provides one of the only feasible corridors running through the ALR. Enhance riparian habitat within 30m of river by planting tree and shrub cover. Work with adjacent landowners to naturalize adjacent private land and remove barriers to movement. Improve wildlife passage at Highway 99, King George Blvd, Hwy 10, Fraser Hwy, Highway 15. Traffic calming and signage at all arterial roads."
110,0.0453038489329263,0.04498076985150985,0.0399226161218122,0.3736711746440349,4,126,127,-1,5.948426449066942,Moderate,Moderate,Regional,50,,Fragmented natural areas and parks along slope break. Provides connectivity east to west above highly developed industrial area. Work with adjacent landowners to naturalize adjacent private land and remove barriers to movement. Traffic calming and signage at River Road.
3,0.056967008427723,0.04929303547144316,0.0242420981887079,0.3221782397677512,4,130,128,2,0.7315435772109338,Low,Low,Local,10,,Foreshore beach area that is highly impacted by recreation. Connects Blackie Spit to additional foreshore habitat. Fence off and restore native foreshore plant communities in certain areas. Install hedgerow corridor along greenway.
23,0.05135991820421655,0.05213699698786091,0.04218681091122228,0.4394692365637838,8,127,129,-2,3.170381108997642,Low,Low,Local,20,,Greenway adjacent to Hwy 99. Provides only continuous movement corridor north to south through highly developed neighbourhoods. Install highway fencing. Traffic calming and signage along all adjacent and intersecting roadways. Improve wildlife passage under 24 Ave.
33,0.0692348806524619,0.06476214144486386,0.030905477707759102,0.3407350309924013,4,131,130,1,1.5568591636290718,,,,50,,Edge buffer for ALR. Highly disturbed area through low density residential area. Runs adjacent to 168 St. Provides important edge habitat to ALR field habitat. Expand on existing hedgerow and protect a forested corridor adjacent to 168 St. Work with adjacent landowners to naturalize adjacent private land and remove barriers to movement. Traffic calming and signage for crossings along 168 St.
124,0.0559496176380997,0.06714197250495672,0.06428055309794953,0.4119316307624756,4,129,131,-2,11.993074047451838,High,High,Regional,50,,Foreshore riparian area to Fraser River. Highly impacted by industrial development. Explore opportunities to restore this riparian area.
